<?xml version="1.0" encoding="UTF-8"?>
<project-private xmlns="http://www.netbeans.org/ns/project-private/1">
    <editor-bookmarks xmlns="http://www.netbeans.org/ns/editor-bookmarks/2" lastBookmarkId="0"/>
    <open-files xmlns="http://www.netbeans.org/ns/projectui-open-files/2">
        <group>
            <file>file:/C:/Users/Mehmet'/OneDrive/Belgeler/NetBeansProjects/AsansorYazlab1_2/src/Giris.java</file>
            <file>file:/C:/Users/Mehmet'/OneDrive/Belgeler/NetBeansProjects/AsansorYazlab1_2/src/Kontrol.java</file>
            <file>file:/C:/Users/Mehmet'/OneDrive/Belgeler/NetBeansProjects/AsansorYazlab1_2/src/Yon.java</file>
            <file>file:/C:/Users/Mehmet'/OneDrive/Belgeler/NetBeansProjects/AsansorYazlab1_2/src/Main.java</file>
            <file>file:/C:/Users/Mehmet'/OneDrive/Belgeler/NetBeansProjects/AsansorYazlab1_2/src/Cikis.java</file>
            <file>file:/C:/Users/Mehmet'/OneDrive/Belgeler/NetBeansProjects/AsansorYazlab1_2/src/Asansor.java</file>
        </group>
    </open-files>
</project-private>
